flipped,Unnamed: 0,data/circles/circles_sep_factor_0.4.csv,x,y,label,c1,c2
0,0,0,1.3528104691935328,0.0800314416734446,0,0.160259920136595,0.8797224082996742
1,1,1,1.1955282802959937,0.4691210597236485,0,-4.985369555399895,0.1557625765734173
2,2,2,1.3726344281288518,-0.1535799222460825,0,-4.888271653431181,0.2805899772848325
3,3,3,1.1880444119333895,0.0325190778697737,1,0.1851163888792305,4.975491824442314
4,4,4,0.9758490888907928,0.1657975437199899,0,0.006203414709366,0.2736383103000228
5,5,5,1.0233306096004489,0.3953831646602485,0,-5.156390463483977,0.2107106425777696
6,6,6,1.1443222463438767,0.1496682368628699,0,0.5320924091720286,0.771146097054588
7,7,7,1.0780449795120737,0.2128178940372649,0,0.9427794095611935,0.3290161587235815
8,8,8,1.2848118517020262,0.125737093962942,0,-4.998137262933865,0.1125129576993384
9,9,9,1.044900791058869,0.0165621667253796,1,0.7142998462937437,5.087327304830071
10,10,10,0.46754963756699,0.3386354099058314,0,-4.8945675025095925,0.1254884972364103
11,11,11,1.1464661426450615,0.0799178660293673,0,-4.996945341895938,0.3575196074409279
12,12,12,1.4225340859261526,-0.0421832477548982,0,0.1263675253306034,0.8818267622722838
13,13,13,0.9723142702579476,0.231483050610099,0,-5.003688353084507,0.3691611951062197
14,14,14,1.2638753404037588,0.5829035509245286,0,-4.87302352496857,0.63250897428825
15,15,15,0.9820460014345368,0.3846494982953821,0,0.9981989528446096,0.5146255360086313
16,16,16,0.7668192207114586,-0.0672926469062021,0,-5.070985418214611,0.1377248457779756
17,17,17,0.8676995596266609,0.3798418411426112,0,-4.998248438672178,0.6490695977908352
18,18,18,1.1758346220337956,0.6086005224415602,0,-4.967637423539088,0.8560349969338062
19,19,19,0.84439778810691,0.3270550363370358,0,-5.033379096035357,0.093212474045344
20,20,20,0.7038348646291823,0.122733055640005,0,-5.002012910387753,0.7536800891297916
21,21,21,0.563573014341017,0.8159343706114306,0,-4.922497673677583,0.6902112815189781
22,22,22,0.7937813238890822,0.3570203188626901,0,0.5526864711082139,0.8666605749971459
23,23,23,0.6356445072212296,0.6187941062862437,0,-4.95671623785,0.104091932133467
24,24,24,0.5535271105322734,0.4392056180589214,0,-5.080871753197953,0.3056953793966788
25,25,25,0.6869320915457036,0.5773804995718523,1,0.1620729850299654,4.993986211449632
26,26,26,0.7532032326467321,0.2819005725486477,0,0.9634699947451856,0.0220179788866502
27,27,27,0.8386914798342842,0.6214931690850801,0,-5.110412398579927,0.7340756777304887
28,28,28,0.8462246851867331,0.6138859287913003,0,-5.078910218025665,0.857978579001121
29,29,29,0.6942847903975113,0.498165334487004,0,-4.999875154421152,0.4533040523767575
30,30,30,0.6745249048197572,0.5158746199843649,1,0.4608030422931906,5.073359486822937
31,31,31,0.6339006616153056,0.2593425943960394,0,-5.015993978775704,0.278468962069366
32,32,32,0.8191786857765904,0.5407915930366579,0,0.0047873852411721,0.0050518700050873
33,33,33,0.4444735733825803,0.7299804408538445,0,-5.083195749321712,0.186303516666356
34,34,34,0.5755353827751081,0.6638096831493332,0,0.1138941048113634,0.9798641184223712
35,35,35,0.8889629379129016,0.6949271885103403,0,-5.059815045251648,0.8672860771213566
36,36,36,0.9568487643300716,0.4375819418579581,0,-5.152003928519206,0.2665046387489214
37,37,37,0.7949410078683132,0.5627013223253028,0,-4.958214629678268,0.9637488571210464
38,38,38,0.5255039106769892,0.5987027466799202,0,0.9417421432655166,0.3677126159532858
39,39,39,0.6222365995032142,0.7402016958673604,0,-5.004001872535163,0.2975853747511801
40,40,40,0.436100638202187,0.9233101228682316,0,-5.125978734340527,0.1528076354498851
41,41,41,0.7465530919361976,0.4497463183963115,0,-4.997137949581222,0.901611069510674
42,42,42,0.93507442850781,1.1496910779819058,1,0.731930277681536,5.19740999482419
43,43,43,0.8569036945102406,0.7477084901633695,0,-4.865737798948965,0.3274114040526824
44,44,44,0.3904485905602664,1.0074202634104237,0,-5.073993585296526,0.7034304233584269
45,45,45,0.5071498628978373,1.053506008451433,0,-4.868486233427903,0.3353034098095546
46,46,46,0.6123685632998039,1.0164770164304464,0,0.6166184435520741,0.1049907393054552
47,47,47,0.6246648286782246,0.9742358743484892,0,0.9004101465401794,0.3926923068823239
48,48,48,0.5379267991231609,1.2015020242831822,0,-5.032345747248343,0.551569960761176
49,49,49,0.5434094279138544,0.9357621328494468,0,-4.9802171832150135,0.1230167591764942
50,50,50,0.8766301394112509,0.5964735915559494,0,-4.9902249197577815,0.8182727747897611
51,51,51,0.2276566744045686,1.0701860216754655,0,0.6603385959782224,0.4973631168932895
52,52,52,0.2286713540970298,1.274927816361073,0,-4.859847658399476,0.2343829525045729
53,53,53,0.3619113830329781,0.7462207979512614,0,0.7912815522324937,0.5927595785429434
54,54,54,0.8103676968611497,1.2009300107529044,0,-4.984156615321447,0.7932593060544021
55,55,55,0.7802484351611143,1.094754389297678,0,-5.114190141920385,0.3276243490519758
56,56,56,0.2152704494411625,1.3038761422083072,0,-5.131097037044121,0.7014763244005944
57,57,57,0.314523878494402,1.0902677650475303,0,-5.153292105343013,0.4278591799806873
58,58,58,0.5380224408765649,0.9062799708737246,0,-5.171197016409423,0.9640511688456008
59,59,59,0.4516825208077994,1.1288177045507863,0,-4.995386494104432,0.7709400866027316
60,60,60,0.3843021006060733,0.7311763581783146,0,-5.095837448022656,0.3563509025220209
61,61,61,0.348679431785683,1.2225966768694734,0,0.2505205864171785,0.017747959061762
62,62,62,0.1300062486689928,0.933235658732124,0,-5.008081161294374,0.657519895380428
63,63,63,0.1616591768205274,1.3384359068244995,0,-5.070385903599044,0.1978721585848523
64,64,64,0.3628098215131429,1.0550712701213822,0,-5.077078430070657,0.1218791756491327
65,65,65,0.0539284759286961,1.0859974389921692,0,0.1696781155740698,0.9317764513967938
66,66,66,0.0525147824542494,0.9886533623835588,0,0.1594690923411588,0.9999489702149168
67,67,67,0.0395995310403261,1.1212826960598048,0,-5.048084534087273,0.2698888205643851
68,68,68,0.2614011918854001,0.9476125818473894,0,-4.929641444535661,0.301768552165938
69,69,69,0.2045345760966336,0.7735023995683766,0,-4.9070854852231305,0.1649889392381687
70,70,70,-0.1937230552734674,1.0824002356211806,1,0.13159685036669,4.910259049636866
71,71,71,0.1170125424068214,1.1234991466279256,0,0.039210539213897,0.8658437598357476
72,72,72,0.5394194745021019,1.1869226258263543,0,0.0252318272878161,0.7015059521248778
73,73,73,-0.140688791359632,1.222526087718029,0,0.2715502900064757,0.8463315580765877
74,74,74,-0.2422390622189472,0.9074637625119036,0,0.4618534421619371,0.2284816556735804
75,75,75,-0.0136483210649259,1.3426685443298734,0,-4.962882744735096,0.7304560674084801
76,76,76,-0.1698933842930447,0.8344929757430426,0,-5.098982254954712,0.9185266283960604
77,77,77,-0.0615661586142858,0.8664271728264369,0,-4.935636872454666,0.2814161142143904
78,78,78,0.1625366648919882,0.7820404267555869,0,0.035219804575407,0.6906535435911851
79,79,79,-0.3131715738145358,0.9089288503006177,0,-4.931110333339206,0.4006574116898544
80,80,80,-0.2041349534061143,1.3804283061316704,0,0.3385144927701426,0.2902266451589226
81,81,81,0.064550927820848,1.0096249495915162,0,-4.972535279638755,0.9696234687543496
82,82,82,-0.3911701323284449,1.1581449282432978,0,0.8527361578939424,0.3486332299682927
83,83,83,-0.3668118161940149,0.6770418177149826,0,0.3502019519565764,0.1078496812606872
84,84,84,0.0502246438847359,1.0456757731136586,0,-5.060362043601909,0.3885892096203356
85,85,85,-0.0237399260615953,1.04189313132241,0,-4.9291140424632855,0.4476782909599823
86,86,86,-0.0569847477301173,0.8433737842131309,0,-4.957718142532334,0.7522108254992379
87,87,87,-0.4555384555217475,1.1049020647849566,0,-5.311685659159913,0.9499142669470028
88,88,88,-0.4296017534500338,0.8252526112476181,0,0.5715501954169343,0.8170569837942127
89,89,89,-0.38013829764794,0.9608153293370788,0,0.9835554181712204,0.930941311255106
90,90,90,-0.379815776625644,0.6760662576115499,0,0.0015945706042945,0.4750601299749311
91,91,91,-0.4575903273051611,0.4996957397925957,0,-4.935554796658896,0.7193165682364342
92,92,92,-0.2235257571163775,0.616870458370542,0,0.7791109940193555,0.3090495850124024
93,93,93,-0.5890012205703679,0.9402095017404464,0,0.8051274852078378,0.0695871085190179
94,94,94,-0.5354281857303655,1.2304660706698478,0,0.7692471190327554,0.3654735253259935
95,95,95,-0.6653080250204898,0.9669556315124376,0,-5.191374267086151,0.6979152283282977
96,96,96,-0.4336358552105714,0.6712083529177801,0,0.978856981023056,0.2746221102480437
97,97,97,-0.3399798470785765,0.8614024939949634,0,-4.933643842340862,0.8614058956415209
98,98,98,-0.308937924877128,1.0509044100239608,0,0.6019436981131123,0.7907728499829019
99,99,99,-0.049106484245577,1.1436122699311422,1,0.0633690045488483,5.060216348957606
100,100,100,-0.5738363675884885,0.8181495682692536,0,0.4098574499073387,0.3308367624908067
101,101,101,-0.2980950901957073,0.9864170063050264,0,-5.015407239842483,0.8253026175490917
102,102,102,-0.4078004897594779,0.5209367166398483,0,0.2387388407706993,0.2439377895112994
103,103,103,-0.558256774123131,0.6853150588689618,0,-4.88063883192508,0.3316021456671306
104,104,104,-0.514728647875784,0.8015191312051125,0,0.6867833676432891,0.3430669324230867
105,105,105,-0.4057494706739546,0.8724606374132079,1,0.2875753828575714,5.133623509081263
106,106,106,-0.4473335224405796,0.7032460986770077,1,0.7689989227058563,5.134235369125795
107,107,107,-0.8100370314619599,0.7016835186853303,0,0.0831647718081091,0.0737869831214143
108,108,108,-0.6408280725209774,0.8463435898868059,0,0.9747744225104564,0.5784515481629375
109,109,109,-0.2015588138519345,0.7485436253196281,0,-5.009816121120593,0.3971119909960666
110,110,110,-0.8603196064574133,0.6739484703375171,0,-5.088661426005611,0.6328853196107076
111,111,111,-0.7772663008579073,0.8252649221761043,1,0.2528538777482612,5.047780856261647
112,112,112,-1.0078227434022902,0.7271250784728699,0,0.7578241076908905,0.9095826774815609
113,113,113,-0.683171372039728,0.7460995477534208,0,-5.014735366458284,0.7609418871744561
114,114,114,-0.8484318412144839,0.6369627599814874,0,0.2542400891795997,0.067746220550396
115,115,115,-1.0279570072739004,0.5704666296864196,0,0.7491006066497199,0.7839054772850341
116,116,116,-0.8655673508550998,0.7366306132423908,0,-4.894019370506623,0.9695823723122512
117,117,117,-1.0017497291401716,0.7936636100906885,0,-4.997375338213841,0.942435620587473
118,118,118,-0.4847965484275661,0.207150775275604,0,0.3936297458372753,0.7354837980254477
119,119,119,-0.7112781718685761,0.7399807218684241,0,-5.011433515987238,0.1235937534812156
120,120,120,-0.9365043994853932,0.5083308894267137,0,0.5681622441809498,0.5760767658404541
121,121,121,-0.847725324651095,0.5111553918040865,0,-4.925644648449167,0.2842327288404888
122,122,122,-0.8947238345195236,0.2181907879773491,0,-4.978964063337019,0.9702129436362472
123,123,123,-0.6138616125453908,0.7517505133863612,0,0.4972313969773726,0.7174857253616094
124,124,124,-1.0180371120013472,0.2247421438126278,0,-5.000592740583323,0.6107655897874192
125,125,125,-0.7618124284938868,0.3848424060373871,0,0.1439765340953817,0.6950880426047262
126,126,126,-0.8479160473797075,0.4178879906726965,0,-4.863393993159667,0.4379791291096805
127,127,127,-0.7478958290171772,0.6022458638510632,0,-4.844488596794093,0.3727367514376066
128,128,128,-1.0408312359321297,0.1679623881059166,0,0.4086773974546853,0.9357995794399642
129,129,129,-1.2214147319330355,0.547855167386514,0,-4.93866737736713,0.3319271347926866
130,130,130,-1.151317309199407,0.3053733722160629,0,-5.028595915148517,0.0414361317327193
131,131,131,-1.041125959278602,0.3770021271981939,0,-4.850308900647917,0.4008401541544574
132,132,132,-1.3170324470575527,0.4058802720434439,0,0.0271977944079202,0.7903403526216722
133,133,133,-0.8325037847250503,0.3662564647307476,0,0.3175036991866854,0.6484683580489194
134,134,134,-1.0065536045771752,0.34834667999234,0,-4.881688044266829,0.9621707754778748
135,135,135,-0.8712472471671275,-0.2455015569103825,0,0.4866060912814587,0.1062018676191376
136,136,136,-0.5661370358819282,0.3670504614820573,0,-4.928110283447171,0.9115463022293834
137,137,137,-1.093644283275062,0.1907291455777459,0,-5.121607658074586,0.3688491939140621
138,138,138,-0.8698348056587932,0.2254690993579819,0,0.4884424667302759,0.4740025854219123
139,139,139,-1.3797157964294589,0.64124944238252,0,-4.985932809669204,0.4284821544892344
140,140,140,-1.0002557321803,0.4119462331609197,0,-5.074367217470087,0.1164522810924414
141,141,141,-1.1206972202855672,0.4946567254348845,0,0.5749903272741144,0.2477964557251887
142,142,142,-0.9287272992920492,0.2885375136111928,0,-5.015901225155436,0.742271569229792
143,143,143,-1.1983230061923793,0.3883120864989521,0,-4.975994307070328,0.0230075418456952
144,144,144,-0.8541510684075201,0.3857024794773041,0,-4.989984059190937,0.1338877743862745
145,145,145,-1.1201394072965891,0.0083230395754961,0,-5.047517510582924,0.02521016879135
146,146,146,-0.535709519712716,-0.1283253212119937,0,-4.872704625108009,0.8573880573235492
147,147,147,-1.0252166685639357,0.2901687920498527,0,-5.169613126683155,0.6173248277817797
148,148,148,-0.9795778365558871,0.1584663896798585,0,-4.926981646887039,0.1699286621185588
149,149,149,-1.0796704893274205,0.0949535974528608,0,0.2305946366587214,0.7687722230537536
150,150,150,-1.2613053703470634,0.3316261359236382,0,-5.1857483271594536,0.9668005974515538
151,151,151,-1.0234134925005594,-0.1569780606827265,1,0.9482967516582632,5.201186426312656
152,152,152,-0.8658462136924755,-0.1340196112069097,0,-4.961740186327654,0.9215475478121652
153,153,153,-1.2648784227088223,-0.3321340206888239,0,-5.088690432628388,0.0078102154057432
154,154,154,-0.8577382287114779,-0.1155925309615684,0,-4.912169624226747,0.5890134889852785
155,155,155,-1.0212622073019613,0.1110202979275995,0,0.2580359567417546,0.2566326166390292
156,156,156,-1.2174798630658266,-0.2714687841372688,0,-4.991354747599241,0.5646472143098588
157,157,157,-1.0662482947992435,-0.1272127106989964,0,-4.975229362153318,0.3180302891605546
158,158,158,-0.9944303273286208,-0.2241461851940834,0,0.2304003143071755,0.1536665427726126
159,159,159,-0.9946125311478182,-0.2088423698439593,0,0.42669141218392,0.4444937233583467
160,160,160,-1.1220684784441644,-0.3705102885285745,0,-5.101827932556685,0.4950963271763734
161,161,161,-0.9186756313283724,-0.4065338867097611,0,0.5456289245734854,0.9897655068476244
162,162,162,-1.200054212966802,-0.3111483373899933,0,-5.065457013499758,0.0423878841385401
163,163,163,-0.9946959700304214,0.1824248788443764,0,-4.979278260658905,0.3011551988972766
164,164,164,-1.0982595527033143,-0.100379651950572,0,0.7399462420484398,0.8518938450883227
165,165,165,-0.8016188494542273,-0.5468059854156941,0,-4.94164300730907,0.6596954981260428
166,166,166,-0.7897257747569613,-0.5656427747772463,0,0.414438025228521,0.8266830318458959
167,167,167,-1.4691164370912395,-0.2273081424499385,0,-4.707090375823614,0.6602909185597778
168,168,168,-1.2809546025757954,-0.2779376603234945,0,-4.977714167689651,0.7595363091461329
169,169,169,-1.0586653311359442,-0.055605427214128,0,0.1842043065188271,0.4929217499970573
170,170,170,-0.6998435777793992,-0.4974138038460774,0,-4.902396247463107,0.2048776928975975
171,171,171,-1.0423945746717562,-0.6685947721838964,0,0.1835044670713385,0.8100038608371999
172,172,172,-0.9838962866979312,-0.500706278221829,0,-5.155693393250926,0.5678206546639691
173,173,173,-0.959142288109552,-0.4319552640653886,0,0.5358829812761117,0.1395051937868296
174,174,174,-0.760602380498088,-0.4118227827030802,0,0.6676338014584673,0.8048940268708661
175,175,175,-1.0188541885657274,-0.7875582947603155,0,-5.132989186133407,0.9585859103625782
176,176,176,-0.5824578905400124,-0.6559168462831175,0,-5.035549477460846,0.3461638726284658
177,177,177,-0.974786645489019,-0.6400646574392186,0,-5.119742769563857,0.2935122520864435
178,178,178,-1.2015351507414296,-0.6489863500514409,0,0.7083602670365968,0.081775178207566
179,179,179,-0.917080371935294,-0.4466419080157287,0,0.3927589459044728,0.6644912264494156
180,180,180,-0.6693255645534806,-0.5870310744752189,0,-4.851360074653361,0.9589616184964967
181,181,181,-0.6101602432013359,-0.536606118102122,0,-5.041021869278033,0.1359926899916076
182,182,182,-0.7868298796463509,-0.5889621466186654,0,-4.861781811160686,0.4851596313193155
183,183,183,-0.8086439414920694,-0.7163938925553793,0,0.4090215115928747,0.0982381846532478
184,184,184,-0.81054176303055,-0.8790228702841064,0,0.332248916442747,0.0341099037098158
185,185,185,-0.6870564844141352,-0.8677553285447741,0,0.9895250829450272,0.6645010506676454
186,186,186,-0.5606423746066844,-0.7344388219608782,0,-4.851321752591437,0.8676871753434979
187,187,187,-0.7045736833027855,-0.6008959852571739,0,-4.9957220280116434,0.3375705361260297
188,188,188,-0.57100044750078,-1.0285973613594936,0,0.1020195313638073,0.8757651744100993
189,189,189,-0.7259278411614833,-0.5529328450052549,0,-4.949820024619236,0.1170530991510319
190,190,190,-1.0087517702453097,-0.6656887303983814,0,0.7080749334877576,0.2379606819174762
191,191,191,-1.1045334498705437,-0.9614964243788768,0,-5.00560994733409,0.9016067269067184
192,192,192,-0.6296978793806527,-1.1018562632401796,0,0.2172756300280083,0.5085098936906702
193,193,193,-0.8182499278151407,-1.078060458818557,0,-4.946156299964546,0.6081923837970241
194,194,194,-0.2749721284208634,-0.7636843669267289,0,0.7240725264090636,0.0380182325425079
195,195,195,-0.4743271967219394,-0.8535520144779782,0,0.2033958419986956,0.1283899101478889
196,196,196,-0.641399917435872,-1.14444404686391,0,-4.951665814821943,0.0557908125008531
197,197,197,-0.6117590217929167,-0.985219683072424,0,0.3198073353960721,0.9050007399496692
198,198,198,-0.3642420101205298,-0.6161075521705001,0,-5.012364962589203,0.134794963870947
199,199,199,-0.2247112662582947,-0.6848538722682602,0,-4.949503001853716,0.8496728266087545
200,200,200,-0.6197307873845976,-1.0892048009765172,0,0.0458503551022809,0.3510346993724531
201,201,201,-0.3284210377726989,-0.8050481165494053,0,-4.827630372433274,0.80059749636578
202,202,202,-0.8170037252552682,-0.8151072206824607,0,-4.928698377028907,0.3650435474567474
203,203,203,-0.2817312146873549,-0.8839266424030865,0,0.5383684384690157,0.2676840396928764
204,204,204,-0.4627900257669412,-1.0663567499892903,0,0.572450218156556,0.0936607011890572
205,205,205,-0.6960435829884785,-0.7534858677745951,0,0.2247773283926646,0.2807065905741337
206,206,206,-0.449338475406445,-0.9685564838972388,0,0.8477393315953481,0.4714797167172799
207,207,207,-0.0215803153008519,-0.7928762645164129,0,0.5613987175911241,0.8175087988967955
208,208,208,-0.274407047065595,-0.9088696284544444,0,0.7132460130406766,0.4525149547686978
209,209,209,-0.0248676745854292,-0.6004585087542421,0,-4.967420038635938,0.9714355749376176
210,210,210,-0.1231159720790419,-0.8346115980155686,0,-4.987523047895679,0.541633010854823
211,211,211,-0.7079524111857011,-0.9325751146853658,1,0.8810666126765085,4.922132452734239
212,212,212,-0.2949412114540066,-0.9443719209205444,0,-5.10126731237686,0.4153673001912724
213,213,213,-0.0600806697003517,-1.5165185945665425,0,0.0334072926151201,0.6888991073865137
214,214,214,-0.3422132808046937,-0.9195980318850078,0,-5.102729687707546,0.2342916462498248
215,215,215,-0.3012808000283123,-1.2615288233590576,0,-4.967664346851974,0.6986299508481587
216,216,216,-0.0135886172063664,-0.9269128695594628,0,-5.136939112404716,0.5036973051815162
217,217,217,-0.3609896608049996,-0.92303259616734,0,-5.076632759896358,0.0257377755831152
218,218,218,0.0182341138475467,-0.988213803703116,0,0.3184029346105875,0.7743529494802057
219,219,219,0.0347797271218947,-0.9764626662821456,0,0.7289476961434229,0.5603737038140751
220,220,220,-0.1835742597985251,-1.2264059986482558,0,0.5691959722309445,0.0824935030810933
221,221,221,-0.1008639967266383,-0.95763427164035,0,-4.871848865963587,0.475214033462273
222,222,222,0.1123760327881521,-1.0210482221257169,0,0.8301965798350519,0.2872928817747466
223,223,223,0.0496074675149982,-1.1920452328456042,0,0.8429348593012821,0.8796815425879331
224,224,224,-0.1774682510488626,-1.021858543280223,0,-4.808577030293718,0.2849270528072487
225,225,225,-0.210925692797003,-0.8359504325350637,0,-5.166595607679771,0.9416870709741988
226,226,226,0.1135684857470778,-0.9439615305963548,0,0.926265880140584,0.5461327493471125
227,227,227,0.1096564787723884,-0.5949141178018988,0,-4.8373350437698415,0.3236137095467213
228,228,228,-0.0309823180640463,-1.4383149855283832,0,-5.021143829084556,0.8135450174175773
229,229,229,0.1235378827116075,-1.0066135674418375,0,0.5421869540924683,0.6974003783657658
230,230,230,0.0010246547655723,-1.1902878672400274,0,0.356007259634907,0.4139624956958795
231,231,231,0.0374953292038737,-0.9558470154709138,0,-5.001500508703137,0.6296183027065931
232,232,232,0.0455196884339035,-0.5067815970542386,0,-5.011341163064273,0.7785842640282813
233,233,233,-0.0253321296105281,-1.1446195096120395,0,0.612180873070558,0.8515577942834893
234,234,234,-0.2703426934171814,-0.9319903677243812,0,-4.891945587297451,0.8164127137140637
235,235,235,-0.1953696347421935,-1.086038527408706,0,-5.160767657904318,0.1660770885934179
236,236,236,0.173216763198544,-1.115524496042538,0,-4.954383638864487,0.8283895525035856
237,237,237,0.5964644226557563,-0.7697042828655315,0,-5.094487019738801,0.0586290588837721
238,238,238,0.5327471958755806,-1.139646330507642,0,0.9156528409858125,0.2001706815505686
239,239,239,0.5147506098473846,-0.858119308263275,0,-4.942921147061843,0.6229267200659891
240,240,240,0.4632981841103163,-0.7451687505386002,0,-4.845720366170695,0.1146925254469043
241,241,241,0.147113997546772,-1.0292398944330614,0,-5.000041732641262,0.6033475950562001
242,242,242,0.5210912495875045,-1.4684058080868785,0,-4.96258449140292,0.3079656913635638
243,243,243,0.6707901691993186,-0.8191500730467347,0,-4.959044822176231,0.4294665851546483
244,244,244,0.3783747943200551,-0.8777616204370663,0,-5.079959349967049,0.315151503445478
245,245,245,0.2007495864140044,-0.983534130560422,0,-4.848836065011568,0.0701735678649044
246,246,246,0.6458361592091466,-0.6452226580007756,0,0.5402228047861908,0.5007587529219609
247,247,247,0.9838799896976432,-0.910496693495496,0,-4.829353175273901,0.9635994443948874
248,248,248,0.3315854417588603,-0.9890503724192128,0,-4.929821662788297,0.6117833481601271
249,249,249,0.278145299044242,-0.8918776312320341,0,-4.992671456799235,0.3000318716171253
250,250,250,0.576546486002453,-0.8728738598908298,0,-5.046189381535428,0.9561498341240192
251,251,251,0.7372963785062897,-0.9022074204294142,0,-5.0626490223149085,0.3892372519522273
252,252,252,0.4663366644792834,-0.9605816208740806,0,-4.828916341745335,0.6975177338688435
253,253,253,0.2268646439964448,-1.1464747855717905,0,-4.858558495727098,0.6341128049224443
254,254,254,0.3348819815568935,-0.5608635948007523,0,-5.006366148878955,0.9529108480388516
255,255,255,0.7668373068704589,-0.5340241810963495,0,-5.157993052967113,0.914602694494837
256,256,256,0.338156783943474,-1.1902548559814008,0,0.0282566829717567,0.1480040563500312
257,257,257,0.4891365162514929,-0.7485296666666349,0,-5.283201186990898,0.0856858747294224
258,258,258,0.7371620447306548,-0.5609188115821789,0,-5.108342666026428,0.8096423277988296
259,259,259,0.7102765381515477,-0.4084612995206308,0,-5.013062039599512,0.904943213296823
260,260,260,0.6246094701691937,-0.925760669085754,0,-4.8599310965557,0.4929736039228994
261,261,261,0.3483034628298012,-0.9067628990405022,0,-5.065165620905778,0.6907612738337751
262,262,262,0.7480869327103897,-0.8922167311035298,1,0.6037829038425656,5.030301105045616
263,263,263,0.9018211723398544,-0.4171977993058773,0,-4.94951845436595,0.2198043978564718
264,264,264,0.2550512463760907,-0.5117366458291593,0,-4.869681903835157,0.1493761946567211
265,265,265,0.2952240137450463,-0.5888307953408013,0,0.6451385335716601,0.601160583550034
266,266,266,1.001969168490488,-0.6404493827213905,0,-4.987146368314395,0.1975398937661071
267,267,267,0.514575408134941,-0.7545102306042448,0,-5.014244786878884,0.0598463155508506
268,268,268,0.7313643681836595,-0.6575967370362991,0,0.6143675117683143,0.3022072827360107
269,269,269,0.7559505498708624,-0.6265756707242381,0,0.0678558177037754,0.6772124291139527
270,270,270,0.8517130041569811,-0.8294999830391175,0,-5.1308763514238604,0.5778637242618545
271,271,271,0.7727452431596598,-0.267061333613291,0,-5.120247530820444,0.3307249654946358
272,272,272,0.7559921560815954,-0.6421587678743845,0,-4.958390036558417,0.8334788758433764
273,273,273,1.0599673862448622,-1.0476637282478165,0,-5.020090753320092,0.2762691080120896
274,274,274,1.0916399804181631,-0.6444077609741645,0,-4.9877468682346695,0.2605476383656826
275,275,275,0.8988111182749557,-0.4807357288157611,0,0.2569754591527016,0.5599474107895882
276,276,276,1.064800303887942,-0.5352726233487857,0,-5.004727771569625,0.4782156398457756
277,277,277,0.7505984229183245,-0.2037268769896424,0,-4.933585595064135,0.4459726606003606
278,278,278,0.4228769968111764,-0.4405683428438796,0,-5.078468741142944,0.1557856189540671
279,279,279,0.6352419679401953,-0.5780939692163848,0,-5.033558064358317,0.5046461916329911
280,280,280,1.315796793935228,-0.4156557283669723,0,-4.810381777136685,0.2590189172754442
281,281,281,0.9608770910187766,-0.7438281575932215,0,0.96492794294553,0.3921798826190154
282,282,282,0.7839675541293121,-0.3288130725389217,0,0.9620232533557238,0.7335704476706063
283,283,283,1.0082335281145351,-0.2251947364431597,0,-5.079978613838577,0.9368628255593556
284,284,284,0.946101950020996,-0.223465805047652,0,-5.0281575430800105,0.7738629651893243
285,285,285,1.04181289882229,-0.6749650765758548,0,-5.058938670197857,0.4056338946232637
286,286,286,0.9647206419140972,-0.1354513153979314,1,0.9514108146164076,4.831461789512877
287,287,287,1.0811385309445618,-0.3416915826094247,0,-4.955521863759275,0.746497815875704
288,288,288,0.8074578596207573,-0.4723522720291818,0,0.5846628638893966,0.4142210500958915
289,289,289,0.9473681005648776,-0.0017348941987123,1,0.3035488506537072,5.019785330956715
290,290,290,0.5877867804374851,-0.3398900367636595,0,-4.897760767755793,0.1352432959558632
291,291,291,0.7543267596433336,-0.0303898103376255,0,-5.049821161858611,0.7362608014758756
292,292,292,0.8751341117562447,-0.260896278347061,0,-5.043141434110469,0.8385085908076249
293,293,293,0.9458824189756584,-0.057004378383453,0,-5.027898160530303,0.3165844110299528
294,294,294,0.9136369016845504,-0.7345618445242901,0,0.2484254759736073,0.7835077656425353
295,295,295,1.103184273645777,-0.0167198717332457,0,-4.947016621652504,0.6102130583369875
296,296,296,0.9525846535832616,-0.3004851674667028,0,-5.073939530251019,0.784083046403244
297,297,297,1.0683827505645431,0.0130565871778032,0,0.4630443815212913,0.4113373831496644
298,298,298,0.9051162535586834,-0.0852219478443076,0,0.916050908274991,0.7475763636496067
299,299,299,0.8137493829699812,-0.0566602383008235,0,0.6687825429922609,0.408509117897626
300,300,300,0.0899141309833038,0.0834637642063671,1,0.0724739242488561,5.06620053664519
301,301,301,0.2110385752250794,0.0559975975198052,1,0.0054948178091627,0.5505789181349441
302,302,302,0.1184565487859635,-0.1012612676822281,1,0.2762476674692543,4.965912558943053
303,303,303,0.3771128103581231,-0.3070237545621273,1,0.3626929347939404,0.2528798872015771
304,304,304,0.4216267183278201,-0.0423583752430583,1,0.7767496690467758,4.848002554041413
305,305,305,0.0493375185854632,-0.2188371655154017,1,0.9670055239303668,4.978346712815017
306,306,306,0.5178698973422245,0.2292444905359865,0,-5.037595996597126,0.0391261114322813
307,307,307,0.3693272052292019,0.1393855738330641,1,0.6866900298168611,4.921577861746561
308,308,308,0.4391671274907842,0.1326320951119885,1,0.9949019073529632,5.073129362084037
309,309,309,0.6501117017075342,-0.2264471538085645,1,0.7456665838750144,4.96567649455449
310,310,310,0.5265511867658471,0.0067628852115396,1,0.6361895490858445,0.7991832081050435
311,311,311,0.344579774298936,0.0308904019532482,1,0.0780748541783042,0.1999665859079242
312,312,312,0.3124038411191957,-0.1457632834906619,1,0.3232152011947302,5.0070774075900655
313,313,313,0.4219328665705836,0.4417565348038778,1,0.9133921584571568,0.2479272282536652
314,314,314,0.3717011949230755,0.1153357102307694,1,0.2010054816809057,4.959452754285933
315,315,315,0.2429627990867287,0.1001118884663566,1,0.8435903592732081,0.0768184539774913
316,316,316,0.4709838333017986,0.0574981705545647,1,0.6963236850805055,0.0553563131343638
317,317,317,0.2841519875863564,0.2200817269613754,1,0.3663243708307546,5.043393896823029
318,318,318,0.1883096403914915,0.1977491464892457,1,0.5291742697126566,4.981640923652945
319,319,319,0.5328096200876846,0.4269959429167381,1,0.5428064687528136,5.032519871468707
320,320,320,0.347341781601651,0.4362141051916628,1,0.7140537850738863,0.8440937119585831
321,321,321,0.5688127982827115,-0.0289308114481841,1,0.5165559410991961,0.7937512496926533
322,322,322,0.114697001777135,0.1168613441030869,1,0.1330759901841662,4.740661143525829
323,323,323,0.5602685302114567,0.1708610125359437,1,0.7734546715219126,5.009725087697778
324,324,324,0.2303911604859878,0.5031501056503983,1,0.4062724969061188,5.041391367011023
325,325,325,0.4037910591144448,-0.2641188551581484,1,0.9630938902119272,4.980071994508541
326,326,326,0.4055778293227405,0.3112189266634256,1,0.2835137822930343,5.066939247139255
327,327,327,0.3828529010950269,0.3042731380379972,1,0.2630787802965846,0.6926616462839036
328,328,328,0.3197133744994435,-0.0423225542316092,1,0.3335073956751826,0.3995204466363516
329,329,329,0.254318883009391,0.0391622679625143,1,0.5723170159586255,5.073860702899282
330,330,330,0.1370586155911034,-0.0174995689034658,1,0.8948697402009823,5.13042138918495
331,331,331,0.4091097857376078,0.2614188750274753,1,0.1762816401400148,0.797237891643355
332,332,332,0.2238443103941943,0.1185915265652464,1,0.2796787975992202,5.010481160807228
333,333,333,0.3035206761060253,0.4708085415219737,1,0.5816798431478618,0.997857983023348
334,334,334,-0.0980451208390804,0.3367435457662207,1,0.4543342421615151,4.808619929533002
335,335,335,0.1881155353874012,-0.1092649264523463,1,0.4473228872557253,4.771450055121036
336,336,336,-0.0975531656642271,0.091262143544417,1,0.8207342620964065,4.839815904792548
337,337,337,0.3296909830117304,0.3584779230013645,1,0.9238783025113612,4.996209293881586
338,338,338,0.0920690216697891,0.4891932701357702,1,0.4813069660698819,4.984269471171944
339,339,339,0.5584155416746968,0.3708047679598766,1,0.6873517954472738,5.0276239852019975
340,340,340,0.1493717089819212,0.5221417670930313,1,0.8010587110273939,0.2723958026607546
341,341,341,0.41244738072871,0.4762795045316861,1,0.5183664103871639,4.937475407744283
342,342,342,0.1236768609051696,-0.2587056039446248,1,0.2943164089537353,4.926350882849425
343,343,343,0.6718173164080593,-0.0086982977596508,1,0.6380845977222838,5.055504794241044
344,344,344,0.2346860315729057,0.7947610374536287,1,0.5851091003060592,0.3465341756581186
345,345,345,0.3012294521718641,0.513456092461626,1,0.9015628197396104,5.06559244113725
346,346,346,-0.0721938868025698,-0.0270737072932596,1,0.052407036769856,4.974334986451952
347,347,347,0.1148160613014267,0.5513184431709398,1,0.9101313871334668,4.996152334176105
348,348,348,0.1450808284621367,0.1788039059865062,1,0.5344320281653596,5.040431434332899
349,349,349,0.2468042617382457,0.5585327477596557,1,0.0156761160499139,5.050434357516299
350,350,350,-0.0889880398146742,0.1043015626891051,1,0.3447021787677881,0.9175394862588204
351,351,351,0.0349676187388129,0.5694503469599637,1,0.7243335638753198,0.7577342701180048
352,352,352,0.2322827192376911,0.7809121138065747,1,0.4884330879358329,4.885601930040126
353,353,353,0.3651432168401942,0.3512656687218311,1,0.9801590374409924,4.928042614408205
354,354,354,0.4233272842437823,0.4042302235327834,0,-4.970492421669814,0.5674409403252657
355,355,355,0.0217103867288311,0.5014131519060608,1,0.3266352296260078,4.876945395435461
356,356,356,0.0157409038086246,0.3106658404746269,1,0.8216719344295681,4.949309338516317
357,357,357,0.4128063602654679,0.3516542971118207,1,0.5479066993580314,0.4582788935837623
358,358,358,-0.0211994585395995,0.2820452575096583,1,0.6823265790625589,0.0480778212374184
359,359,359,0.335904775813168,0.2672424134116465,1,0.8057023380386775,5.081233358934183
360,360,360,0.0462326283798496,0.2783640585913357,1,0.6714275461256203,0.1640043891105587
361,361,361,0.1523978176458507,0.3058298469377053,1,0.4224074947686645,5.054627186694376
362,362,362,-0.212799281548401,0.2078288383500552,1,0.1247964478943006,4.890190203963744
363,363,363,-0.0870818534353456,0.6360971413424834,0,-5.096595385884187,0.8313036590972589
364,364,364,0.2538751564660708,0.5068834370292292,1,0.8974333267292596,0.1628490460170388
365,365,365,-0.0179069871257782,0.228100731894728,1,0.4188924265184149,5.051226672682598
366,366,366,-0.0265509944971815,0.1825388797811406,1,0.9107252348428404,5.008584310534245
367,367,367,0.5661475770038424,-0.0546659148460784,1,0.503527819782402,4.950607329291408
368,368,368,0.1712349184397265,0.1387984735866899,1,0.6208415624424766,0.9687912539451718
369,369,369,0.0292645951267832,0.1992454920270442,1,0.8329884760556429,4.859354034489637
370,370,370,-0.1937144071894647,0.1697694979603169,1,0.5645971096407215,0.0806738614208166
371,371,371,0.3844683680813379,0.3719994592378833,1,0.0909693392955635,0.7997301289520093
372,372,372,-0.1280242310838918,0.5103680841878833,1,0.9809794008003953,0.1621708730858584
373,373,373,0.0188201244049397,0.5436558839078739,1,0.2458493019128337,0.1945745242572069
374,374,374,-0.3564743632342232,0.4606330542823385,0,-5.165280364225285,0.8820359225258269
375,375,375,0.1545389674204764,0.0676803417770872,1,0.5051134386177387,4.982517662838223
376,376,376,0.0812620889313198,0.7391485879555704,1,0.4787726368177081,5.067994400611595
377,377,377,-0.0197218021626203,0.5639303194445057,1,0.2439408188668914,4.783690235160387
378,378,378,0.1089978822504567,0.2577095518691933,1,0.7221507657001041,0.858856909563651
379,379,379,-0.0255177904156271,0.0851982015274812,1,0.1127882648309872,0.6053904805020363
380,380,380,-0.1320719927275665,0.4509463531405565,1,0.9904533093614852,0.566088448063145
381,381,381,0.0944868053218379,0.4017683055753735,1,0.8453735371072039,4.960387680224855
382,382,382,0.0855635346036685,0.1751276905941214,1,0.5345089400057921,0.3012891876427228
383,383,383,-0.0870469535974151,0.3982542917308175,1,0.4245529560580094,0.6188670389389908
384,384,384,0.2949657235016375,0.3500815690514586,1,0.2864646324598676,5.225428369880496
385,385,385,-0.1829680039259402,0.3955292850622321,1,0.5015914709407675,5.06726367185681
386,386,386,-0.2751630370182509,0.4279823309623073,1,0.879417462024168,5.025983249500348
387,387,387,-0.1724869981751934,0.0291677548432157,1,0.2750064007006836,4.926281483042908
388,388,388,-0.1192852384728784,0.3217564079330234,1,0.5005374588031359,0.6214276873514643
389,389,389,-0.4420973791913852,0.3695009680899226,1,0.2345499020670308,4.9321670162126034
390,390,390,0.1742643946649172,0.4846833561732042,1,0.3371491136649515,4.991671160430004
391,391,391,-0.0091612201492016,0.1094512029783839,1,0.1902605089233324,0.1413140497959204
392,392,392,-0.0440491451442815,0.4046027120727722,1,0.9905391939211878,5.160286362937714
393,393,393,-0.0414407734069847,0.4564363186970658,1,0.5714974464624556,5.0465589190894935
394,394,394,-0.4269623796816039,0.3604650983238067,1,0.7328151240366955,4.912784160222918
395,395,395,-0.3142688293153533,0.355401364200076,1,0.0982499134520367,5.117678696238387
396,396,396,-0.3497919020063951,0.6244248944146071,1,0.3661175500743158,0.8382864750148153
397,397,397,-0.3496485493628394,0.178496272802658,1,0.8926398030473215,4.970740579284191
398,398,398,-0.1704011327392339,0.1390616178116869,1,0.0844383264239478,5.169734648101395
399,399,399,-0.2776341301272592,0.1845297525099531,1,0.1654832283396131,4.94333969753623
400,400,400,0.0822344127779224,0.5035709268800102,1,0.6254176103511686,4.899673424309611
401,401,401,-0.2187047074423308,0.2639022936293994,1,0.6227889941042252,5.017462957781357
402,402,402,-0.0261471950765758,0.4187719862653837,1,0.8382270444539296,0.5956690044386951
403,403,403,-0.1217461387607662,0.3279300488151897,1,0.9354927638714214,0.1740825110536656
404,404,404,-0.5659314326280591,0.3059664871415711,1,0.1419864754252637,5.09823269838003
405,405,405,-0.3416120847588028,0.4526178524419544,1,0.2593738185269995,0.1730722603634683
406,406,406,-0.0394711593461121,0.1870217582574448,1,0.4274614056932558,0.4624263902991455
407,407,407,-0.1547820652559136,0.6606531824674787,1,0.0009032855212496,0.3968196917675796
408,408,408,-0.3885121400135874,0.6445896451249434,1,0.0698143029596949,5.103744479673091
409,409,409,-0.4318854110301715,0.307389973382293,1,0.2264912779410216,5.015919176666881
410,410,410,-0.2698813649119114,0.2995577101649703,1,0.4811019640158117,4.901190331203139
411,411,411,-0.4413544507530645,0.1733508302156787,1,0.2515227381686128,4.949465927810212
412,412,412,-0.4134093934772259,0.3511815909340129,1,0.876681892223048,4.798171813164578
413,413,413,-0.2197820489510589,0.7250542025529979,1,0.3242728755420111,0.7342962025844497
414,414,414,-0.0173896497103402,0.1718501939437797,1,0.9246228121426286,4.908687846243118
415,415,415,-0.2322840070317204,0.4670758387018953,1,0.97478726073471,4.982154318510274
416,416,416,-0.2966776573929989,0.2474399259066551,0,-4.993610380834983,0.0913337981687751
417,417,417,-0.2978903085563378,0.4284249216611615,1,0.2271288168993236,0.566261854280033
418,418,418,-0.4831414874913824,0.1833252183472893,1,0.2916661334230033,5.038900214065348
419,419,419,-0.2245253382403821,0.3041290602557811,1,0.7763336816594462,4.966054567853522
420,420,420,-0.2756902457787007,0.1611538676562286,1,0.273349707792591,4.994302094502226
421,421,421,-0.1339525258249741,0.6550590765146804,1,0.3805828679202846,4.9603814555250185
422,422,422,-0.2518853975487985,0.1827212793873698,1,0.4785758584818498,0.5946476814330426
423,423,423,-0.1865831124218974,0.1065041906410008,1,0.5751111164699841,0.9286424880696136
424,424,424,-0.4920837730047819,0.2137725532719946,1,0.996100440301238,5.075102530418977
425,425,425,-0.8629694881077643,-0.0307900727304017,1,0.2322097551635923,4.910088706157346
426,426,426,-0.4201150432017145,-0.0779763019888564,1,0.3534237032481688,5.083754791414632
427,427,427,-0.5610100520709117,0.0979687465563433,1,0.262891177010511,5.196088081251391
428,428,428,-0.6868777628018871,0.0966397124220047,0,-5.011244375601929,0.5777309414098256
429,429,429,-0.4689848538929767,0.1753927583030324,1,0.1008045168946205,0.6018679759527085
430,430,430,-0.1345813769582364,0.1971955405288933,1,0.3598097672410472,5.047278965602193
431,431,431,-0.3645328563669874,0.1748971259869836,1,0.8878650314643884,0.3880990352069851
432,432,432,-0.3264320393310748,-0.0560979086480825,1,0.298589847846449,4.947290838977596
433,433,433,-0.3978678607509163,0.2011790672960488,1,0.3719347798490688,0.6522569349771614
434,434,434,-0.6519025446036045,0.304677243258604,1,0.9444741644379346,4.946372985591322
435,435,435,-0.1641473996264234,-0.0026683999398987,1,0.7283789963268682,5.120983722218409
436,436,436,-0.4311953573034477,-0.0600253497842258,1,0.5167387148180483,4.8873410574128
437,437,437,-0.2453889300014997,-0.1046765292430754,1,0.7771927284034406,4.904619557972744
438,438,438,-0.4319286665000365,-0.0723080266955922,1,0.1231796488545039,4.883555154612954
439,439,439,-0.3792407057470062,-0.2675055062536817,1,0.4644903532208423,4.872148615947931
440,440,440,-0.1259667118203835,-0.1097566085141489,1,0.1182361287358663,0.4343024714010239
441,441,441,-0.3809359636682202,0.0324479168802281,1,0.23361814501958,4.895518368062015
442,442,442,-0.5468213172127017,-0.110848528640746,1,0.1418672597402586,5.07899049417855
443,443,443,-0.2084292244747033,-0.0466949071954231,1,0.3618012391691393,0.4322795808512164
444,444,444,-0.3426118435983289,-0.1101660836531531,1,0.3816393203959258,0.4166242149819794
445,445,445,-0.5272450445168615,0.1362608153246312,1,0.9473085818332408,5.110228256458803
446,446,446,-0.2125154444775784,-0.0015921431324776,1,0.2641257311875292,0.521913680218495
447,447,447,-0.6835946656993961,0.4247074237617264,1,0.4724288453165168,4.930292692763982
448,448,448,-0.5709589936863853,-0.2915672184426776,1,0.8113794039634867,5.020733404604569
449,449,449,0.1189726441636922,-0.0724294908168445,1,0.8156175864366617,5.075915667510824
450,450,450,-0.6923465376522817,-0.1366879533577361,1,0.7503431870350202,0.035538472534346
451,451,451,-0.3264032941854844,0.0296853435654453,1,0.2878337621400729,0.4202593395983753
452,452,452,-0.5699949714902615,0.3477944585339123,1,0.494971619411357,5.010056420309716
453,453,453,-0.5035266269699833,-0.2620535258940356,1,0.1862115951867232,4.904505724238276
454,454,454,-0.2064584640076698,0.2323414319750104,1,0.1883995227828042,4.852959826486192
455,455,455,-0.5613073776705546,-0.3220808439149233,1,0.4358412131383109,5.101042755312551
456,456,456,-0.1907582270426702,-0.4595980160373139,1,0.7385922212429411,5.0496179412288384
457,457,457,-0.6410332650645185,0.1350560185850825,1,0.5265842599978379,5.057695589339866
458,458,458,-0.40546892443268,-0.1194949684049783,1,0.8866832208474523,4.889235309909897
459,459,459,-0.3223515789925998,-0.1055074105433714,1,0.8309087977775759,0.2609240084776018
460,460,460,-0.6509963847261404,0.1720503928741339,1,0.0316054428204055,0.2298495277936812
461,461,461,-0.124428750571901,-0.0502738352886702,1,0.568419042866216,5.023497719288905
462,462,462,-0.3784064613650504,0.3684490063380697,1,0.6091612643556431,0.7873648145968252
463,463,463,-0.4405515957222308,-0.1594833246129141,1,0.9615751443000816,5.062899958745682
464,464,464,-0.3100315491647259,0.1786516724506792,1,0.0232366267088617,5.031403384364714
465,465,465,-0.0618684556345647,-0.175321324085333,1,0.5311037709686289,0.1651081273719202
466,466,466,-0.3160842989031235,-0.4071633521082485,1,0.2047813619358524,4.925497678319231
467,467,467,-0.4373080173799993,-0.3074868980245872,1,0.053662906291589,5.101226051006534
468,468,468,-0.5732769448150974,0.1890655221795945,1,0.5874885247317233,4.847236805182122
469,469,469,-0.5272025929966293,-0.261327416183132,1,0.7726041436328025,5.092874192480694
470,470,470,-0.2922484254736688,0.0968703961643971,1,0.7748654492251879,5.108105594408707
471,471,471,-0.2657077957086408,0.3815593061782875,1,0.0302884101559067,5.157233031753522
472,472,472,-0.3732182997459951,-0.1261107836280216,1,0.4069464002715893,0.9674940497015918
473,473,473,-0.2993612968956747,0.1016914633098863,1,0.0445096271486205,0.8285706855726811
474,474,474,-0.2490748817956224,-0.2159474097181158,1,0.2478386469907697,4.965750780974956
475,475,475,-0.5359078804951515,-0.1511113088076734,1,0.1928807027579483,4.900056998343848
476,476,476,-0.0618767378058107,-0.2892871624808261,1,0.2151825792421572,5.079388036230838
477,477,477,-0.2319424465174897,-0.1651011602546297,1,0.3391184140345286,4.930078472091303
478,478,478,-0.160464564607777,-0.3823073678249113,1,0.2774180418359983,5.004399551144399
479,479,479,0.1408697224518306,-0.4841176484794241,1,0.9622799113275984,0.0092471069795287
480,480,480,-0.3967170157471866,-0.0474955927358599,1,0.3524071200093821,0.7524914090061574
481,481,481,-0.259265332710856,-0.0758424141287291,1,0.8941725152929719,0.0062377664467103
482,482,482,-0.4126978497268485,-0.2634201086473922,0,-4.893407318128311,0.9843017276705566
483,483,483,-0.3057589003825524,0.0588823270077051,1,0.7637468671882143,0.4169672019956985
484,484,484,-0.1647122173840929,-0.1020338199231077,1,0.0613455360246427,4.968253778283993
485,485,485,-0.4288431486983169,-0.073875714830933,1,0.4627612294693413,0.3677468090306375
486,486,486,-0.2464711182548039,0.0040102207641101,1,0.0055104402355259,4.909792802858692
487,487,487,0.1170229591305721,-0.341218491410747,1,0.810290763069436,0.3162919638346049
488,488,488,-0.3611259622943588,-0.4585980700735952,1,0.950486036037784,5.032099946618489
489,489,489,-0.3025347447147397,-0.3679925407586413,1,0.0351073708271456,4.860798408344197
490,490,490,-0.1957513626293414,-0.3261712935777048,1,0.9338463614733143,5.059220568164404
491,491,491,-0.3336880977523662,-0.0898809950351321,1,0.773853891491353,0.5905726936267424
492,492,492,-0.4425456421297665,-0.2215837064800468,0,-5.138174500949498,0.9699110259492696
493,493,493,-0.3296474575490209,-0.168603681956343,1,0.9088765512228052,4.903306891154327
494,494,494,0.0352126633994959,-0.3792316178944929,1,0.2962572712509009,4.826826865353207
495,495,495,-0.146907519462359,-0.287848224603343,1,0.409295312234762,0.9557820535760178
496,496,496,-0.3881699069823922,-0.2803021817050938,1,0.0967112621920216,4.994989254120971
497,497,497,-0.1635325186415752,-0.2505943321948048,1,0.656938961900144,0.0278637241231056
498,498,498,-0.254010497355608,-0.3188927101387765,0,-5.140025620812795,0.943864577328552
499,499,499,-0.4367329927178792,-0.413768519160174,1,0.4849052751990372,5.043163385281122
500,500,500,-0.0888074640580405,-0.1679153840474692,1,0.6831918502525338,5.057693459705322
501,501,501,-0.2771644344657406,-0.3295798661308884,0,-5.160732015923406,0.4424158153889981
502,502,502,-0.1397077490231313,-0.3141854423515992,1,0.1499413896216621,5.081835373082716
503,503,503,-0.0696993546138932,-0.721900230172479,1,0.7540903662487174,4.764635960030959
504,504,504,-0.1801765306555437,-0.3141241007370548,1,0.7190770235550296,4.899485556904333
505,505,505,-0.3627607270210614,-0.0306210416548982,1,0.5595705341197842,0.7745664242016155
506,506,506,-0.1226943811332076,-0.0560643116296142,1,0.584644597787864,0.4850968454312909
507,507,507,-0.3053544254404868,-0.553370618660366,1,0.0912707208567781,0.6484137022418283
508,508,508,-0.0945783747355897,-0.7106504683624879,1,0.6004710432403803,5.010665229450304
509,509,509,-0.0885535405702148,-0.3583067016944088,1,0.3815222070708323,5.151900327993615
510,510,510,0.0795262585584412,-0.240214338285042,1,0.867580851341647,0.0017378267846723
511,511,511,-0.1991081887547956,-0.6024271299668758,1,0.3130988817359902,5.078374449367473
512,512,512,0.2348931160225529,-0.5436880308320933,0,-4.910213582679688,0.363660441104416
513,513,513,-0.3085808662798353,-0.6044044763437415,1,0.4265713997011944,0.0611974471035418
514,514,514,0.1321207150630702,-0.4932116020342344,1,0.8762619382503131,4.913383120099253
515,515,515,-0.2339055695632241,-0.3637210751128528,1,0.253916666989189,5.03053207550125
516,516,516,-0.1163414679457484,-0.5285339924487248,1,0.0788023603094604,0.9202335372777396
517,517,517,0.0840907947092548,-0.181335316408603,1,0.7486557209831396,5.102416493277307
518,518,518,0.1386302903630084,-0.2423249992529555,1,0.4128966169083214,0.7063512805336583
519,519,519,0.0303918128002852,-0.7520234805181569,1,0.5890983591262915,5.024461036132947
520,520,520,0.292038775968332,-0.3374109160757987,1,0.0263893317133511,4.9220076751075
521,521,521,0.088160148187202,-0.1756046791103212,1,0.952109791397402,5.008907620249657
522,522,522,0.2615542927646727,-0.3155310891094701,1,0.8776183773849765,0.2853360246254137
523,523,523,0.0703589703674507,-0.5194939875314872,1,0.6238679005772775,4.987084651753989
524,524,524,-0.001759017725591,-0.5707445255528092,1,0.017029842112618,5.0264738757755705
525,525,525,-0.143988106428379,-0.5787148804628383,1,0.3779764739828766,0.351509581118221
526,526,526,-0.0228278102461149,-0.1900936358059361,1,0.9787965377421488,4.833815163278175
527,527,527,0.6509452161497158,-0.3617492045299607,1,0.6813303587402346,5.055078861410273
528,528,528,-0.2445664097394989,-0.1462140254000574,1,0.1609878613134191,5.059542315676373
529,529,529,-0.0266856379622796,-0.5307188624952002,1,0.4605967486545006,0.6522451880766583
530,530,530,0.0837812808916722,-0.6459336780585551,1,0.966737743843486,0.2803092350505634
531,531,531,0.0946259262274427,-0.4145209851656223,1,0.5347081744165934,0.0979187987907415
532,532,532,0.0781087927880596,-0.3194256823433612,1,0.0246145280298245,5.044485343818651
533,533,533,0.0802059501346019,-0.3911307980056236,1,0.6197720842759777,4.9996237182854975
534,534,534,0.1318154296338786,-0.3098347750572501,1,0.2712165309311598,4.819406373739658
535,535,535,-0.1231318157359481,-0.6772572920306121,1,0.0988459518769043,4.998067720802874
536,536,536,0.0790127376098192,-0.6759786591360857,1,0.402908444731893,0.682429573367613
537,537,537,0.1169822490502758,-0.1996838893149905,1,0.5585230974322448,0.7683611440976326
538,538,538,0.2289902626293153,-0.5948991080841579,1,0.0170407180478027,5.106071499934217
539,539,539,-0.0564397716137153,-0.3172675400126759,1,0.5590468086359475,4.913987112370754
540,540,540,0.0433472367232768,-0.4437536655284829,1,0.5112031468396374,4.801073053383871
541,541,541,0.2509279549450238,-0.5752078867865229,1,0.7939083830987601,4.84594420281293
542,542,542,0.0591818769464892,-0.5349292910136769,1,0.4235498168153971,0.9641009397724624
543,543,543,-0.0613760785332001,-0.5433262320895336,1,0.5534504296698862,5.0314025691820605
544,544,544,0.2904986684501232,-0.3583811827389161,1,0.7420093040571263,5.037287600885244
545,545,545,-0.013137468536695,-0.4116385045756398,0,-4.982531990710183,0.1895738658444951
546,546,546,-0.1574497447984068,-0.5085933825031411,1,0.3800345760236875,5.088629319462147
547,547,547,0.6077689786474282,-0.3763334740289153,1,0.6016334957831465,4.994474100427035
548,548,548,0.3316501994540229,-0.3675791067213826,1,0.6946109034163818,4.849967162402143
549,549,549,0.2623353166890477,-0.2178710540817108,1,0.0432706764421961,0.2378751725752027
550,550,550,-0.0209233195052944,-0.3525974129685674,1,0.8007605084861348,0.4031873370680834
551,551,551,0.5229838426325497,-0.501245814074861,1,0.3774301852153938,4.918149585940633
552,552,552,0.1010427472451545,-0.3992694256742066,1,0.6702389414436098,0.8865051551042046
553,553,553,0.2751614343325869,-0.2281849235548633,1,0.471664066204949,5.081883937259935
554,554,554,0.4817677580375038,-0.2285600369597499,1,0.7023391426917073,0.4344416552185302
555,555,555,0.2227034757573224,-0.0717733718278162,1,0.7243309792357789,5.014049590743948
556,556,556,0.3826618503732662,-0.6177478704610819,1,0.1915710134864673,0.6142243316266857
557,557,557,0.7537327601825234,0.0405068947090105,1,0.6621742342864505,0.3226629649849716
558,558,558,0.2213267513460609,-0.2326232767626208,1,0.8513234378820872,0.6913108812107946
559,559,559,0.5262399915952097,-0.3372381808000794,1,0.2355672005049748,0.4956999226830051
560,560,560,0.4137226006189471,-0.0763422354766625,1,0.7581834698938779,0.8811676940681722
561,561,561,0.0708536608245869,-0.4120538216851374,1,0.6338251131552236,5.0649829634679975
562,562,562,0.4641470157674623,-0.1936261764233553,1,0.9551260344725638,0.3673504001211696
563,563,563,0.4705483839159105,-0.30637893913609,1,0.2602465772917608,0.5623390508601441
564,564,564,0.2337864087777179,-0.6735467374881501,1,0.1542777776580035,5.043478880546104
565,565,565,0.0680578448894688,-0.2582390236118448,1,0.3121210152816999,4.979503944826971
566,566,566,0.4677094661735498,-0.1551325682889032,1,0.2579587781979187,0.9923469623196748
567,567,567,0.2825569023047751,-0.3093239091976155,1,0.7568327604735129,0.8325885178221839
568,568,568,0.3569133094579919,-0.2328168758928937,1,0.7331093038467983,4.982599316249197
569,569,569,0.5995210701976208,-0.2125514918493002,1,0.6696849008553338,5.185710226975586
570,570,570,0.0273576053105192,-0.4896257279234527,1,0.2163791144584878,5.0414674266609225
571,571,571,0.6322115510461975,-0.4625175193637889,1,0.8618068074390897,0.3895847786777202
572,572,572,0.4860679868907463,-0.2750311667392142,1,0.9565715558589276,0.2933808932668151
573,573,573,0.3037795114203088,-0.2411572745452829,1,0.5316058181086445,4.987141244968364
574,574,574,0.5864226959560421,-0.2457791694580453,1,0.6493727306293858,5.045541999093681
575,575,575,0.3397463049447448,-0.5061606994798987,1,0.5006920990205621,0.9567513987490006
576,576,576,0.391860774359146,-0.0864929682450745,0,-5.072431131923112,0.9866223213334914
577,577,577,0.4023105478232432,0.0942608381694022,1,0.2861476039966042,5.022290581962428
578,578,578,0.3693189750518114,-0.1180585804501677,1,0.3134205227349131,0.351468707747485
579,579,579,0.6916316230400437,-0.4803145544976588,1,0.1908500041641539,0.511806560066037
580,580,580,0.2742531134971664,0.1225370931735328,1,0.9019236326293176,4.784264362650553
581,581,581,0.5559710902976167,-0.0193302148127472,1,0.8583981340466859,5.065008451437231
582,582,582,0.5384407422481962,-0.081836579249667,1,0.4616393613188367,0.9360590205048064
583,583,583,0.701232281303211,-0.0638769849825826,1,0.3672514125601704,5.182093927408968
584,584,584,0.425723969274048,-0.0997549238703049,1,0.9390783565470986,4.921972013160993
585,585,585,0.4189953976281385,-0.3550102539131529,1,0.2223734692328101,5.145403574883916
586,586,586,0.5370624099054955,-0.1417006655344543,1,0.5535419594668016,0.731450249159012
587,587,587,0.7496480462911443,-0.1226980223637912,1,0.0544981555421626,4.974313030266808
588,588,588,0.4716169212865837,-0.0501555176136752,1,0.191202197017449,0.3059655905538909
589,589,589,0.2643201541274134,0.1070870176594384,1,0.6040269333595097,5.029347139764982
590,590,590,0.7722717684055258,-0.0861201202590729,0,-5.237219387151302,0.8726019267536065
591,591,591,0.3328191431743909,-0.145958272045365,1,0.5809958186732397,5.107036001697318
592,592,592,0.0159260361647337,-0.1022701274270436,1,0.8696014159992898,4.927999856870919
593,593,593,0.4459085563868601,0.1525183736110915,0,-5.10987684566673,0.999931147018816
594,594,594,0.5888554287557767,-0.1334331099130603,1,0.7638618421529112,5.124249391281847
595,595,595,0.3424441591925316,0.1829696758158261,1,0.4650917841437588,4.8785782718640665
596,596,596,0.3639043642852259,-0.1354770452840497,1,0.8339346694541027,4.912484525108608
597,597,597,0.6777143812581632,0.1824009255984011,1,0.1203873941660016,0.9539157073856088
598,598,598,0.4034074903943949,-0.1355057510474134,1,0.6832706964459297,4.940647968265248
599,599,599,-0.0024637904590035,0.1095637531616017,1,0.518337787453434,0.7080112400693306
